<blocks><block><id>blk_1</id><color>color_red</color><type>blockType_window_h</type><x>14</x><y>14</y></block><block><id>blk_2</id><color>color_green</color><type>blockType_cuboid_v</type><x>14</x><y>10</y></block><block><id>blk_3</id><color>color_purple</color><type>blockType_pillar_v</type><x>11</x><y>10</y></block><block><id>blk_4</id><color>color_green</color><type>blockType_bridge_h</type><x>11</x><y>8</y></block><block><id>blk_5</id><color>color_yellow</color><type>blockType_cube_h</type><x>11</x><y>6</y></block></blocks>